Nombre,Precio,Stock,Precio_IVA
Impresora,3000.0,10,3479.9999999999995
Laptop,18000.0,50,20880.0
Monitor,7000.0,80,8119.999999999999
Mouse,400.0,250,463.99999999999994
PC,20000.0,150,23200.0
Proyector,15000.0,0,17400.0
Switch,12000.0,0,13919.999999999998
TV,25000.0,200,28999.999999999996
Tablet,9000.0,20,10440.0
Teclado,500.0,0,580.0
